<?xml version="1.0" encoding="utf-8"?>
<!--EXPORTED BY TOOL, DON'T MODIFY IT!-->
<!--Source File: FirstBT.xml-->
<behavior name="FirstBT" agenttype="FirstAgent" version="5">
  <node class="Sequence" id="0">
    <node class="Assignment" id="1">
      <property CastRight="false" />
      <property Opl="int Self.FirstAgent::p2" />
      <property Opr="const int 2" />
    </node>
    <node class="Condition" id="2">
      <property Operator="Equal" />
      <property Opl="int Self.FirstAgent::p2" />
      <property Opr="const int 2" />
    </node>
    <node class="Action" id="3">
      <property Method="Self.FirstAgent::m1(&quot;Hello, first agent!&quot;)" />
      <property ResultOption="BT_SUCCESS" />
    </node>
  </node>
</behavior>