﻿<?xml version="1.0" encoding="utf-8"?>
<meta>
  <types />
  <agents>
    <agent classfullname="behaviac::Agent" DisplayName="behaviac::Agent" Desc="behaviac::Agent" IsRefType="true" IsImplemented="true">
      <Method Name="VectorLength" DisplayName="VectorLength" Desc="VectorLength" Class="behaviac::Agent" ReturnType="int" ReturnTypeFullName="System.Int32" Static="true" Public="true" istask="false">
        <Param Name="param0" Type="const IList&amp;" TypeFullName="System.Collections.IList" DisplayName="param0" Desc="param0" />
      </Method>
      <Method Name="VectorAdd" DisplayName="VectorAdd" Desc="VectorAdd" Class="behaviac::Agent" ReturnType="void" ReturnTypeFullName="System.Void" Static="true" Public="true" istask="false">
        <Param Name="param0" Type="IList&amp;" TypeFullName="System.Collections.IList" DisplayName="param0" Desc="param0" />
        <Param Name="param1" Type="const System::Object&amp;" TypeFullName="System.Object" DisplayName="param1" Desc="param1" />
      </Method>
      <Method Name="VectorRemove" DisplayName="VectorRemove" Desc="VectorRemove" Class="behaviac::Agent" ReturnType="void" ReturnTypeFullName="System.Void" Static="true" Public="true" istask="false">
        <Param Name="param0" Type="IList&amp;" TypeFullName="System.Collections.IList" DisplayName="param0" Desc="param0" />
        <Param Name="param1" Type="const System::Object&amp;" TypeFullName="System.Object" DisplayName="param1" Desc="param1" />
      </Method>
      <Method Name="VectorContains" DisplayName="VectorContains" Desc="VectorContains" Class="behaviac::Agent" ReturnType="bool" ReturnTypeFullName="System.Boolean" Static="true" Public="true" istask="false">
        <Param Name="param0" Type="IList&amp;" TypeFullName="System.Collections.IList" DisplayName="param0" Desc="param0" />
        <Param Name="param1" Type="const System::Object&amp;" TypeFullName="System.Object" DisplayName="param1" Desc="param1" />
      </Method>
      <Method Name="VectorClear" DisplayName="VectorClear" Desc="VectorClear" Class="behaviac::Agent" ReturnType="void" ReturnTypeFullName="System.Void" Static="true" Public="true" istask="false">
        <Param Name="param0" Type="IList&amp;" TypeFullName="System.Collections.IList" DisplayName="param0" Desc="param0" />
      </Method>
      <Method Name="LogMessage" DisplayName="LogMessage" Desc="LogMessage" Class="behaviac::Agent" ReturnType="void" ReturnTypeFullName="System.Void" Static="true" Public="true" istask="false">
        <Param Name="param0" Type="const char*" TypeFullName="System.String" DisplayName="param0" Desc="param0" />
      </Method>
    </agent>
    <agent classfullname="FirstAgent" base="behaviac::Agent" DisplayName="FirstAgent" Desc="FirstAgent" IsRefType="true" IsCustomized="true">
      <Method Name="SayHello" DisplayName="SayHello" Desc="SayHello" Class="FirstAgent" ReturnType="void" ReturnTypeFullName="System.Void" Static="false" Public="true" istask="false" />
    </agent>
  </agents>
  <instances />
</meta>