﻿<?xml version="1.0" encoding="utf-8"?>
<meta>
  <types>
    <enumtype Type="behaviac::EBTStatus" Namespace="behaviac" IsImplemented="true" DisplayName="BT状态" Desc="BT状态">
      <enum NativeValue="behaviac::BT_INVALID" Value="BT_INVALID" DisplayName="BT_INVALID" Desc="BT_INVALID" MemberValue="-1" />
      <enum NativeValue="behaviac::BT_SUCCESS" Value="BT_SUCCESS" DisplayName="BT_SUCCESS" Desc="BT_SUCCESS" MemberValue="-1" />
      <enum NativeValue="behaviac::BT_FAILURE" Value="BT_FAILURE" DisplayName="BT_FAILURE" Desc="BT_FAILURE" MemberValue="-1" />
      <enum NativeValue="behaviac::BT_RUNNING" Value="BT_RUNNING" DisplayName="BT_RUNNING" Desc="BT_RUNNING" MemberValue="-1" />
    </enumtype>
    <struct Type="IList" Namespace="" Base="" IsImplemented="true" DisplayName="IList" Desc="IList" />
    <struct Type="System::Object" Namespace="System" Base="" IsImplemented="true" DisplayName="Object" Desc="Object" />
  </types>
  <agents>
    <agent classfullname="behaviac::Agent" DisplayName="behaviac.Agent" Desc="behaviac.Agent" IsRefType="true" IsImplemented="true">
      <Method Name="VectorLength" DisplayName="VectorLength" Desc="VectorLength" Class="behaviac::Agent" ReturnType="int" ReturnTypeFullName="System.Int32" Static="true" Public="true" istask="false">
        <Param Name="param0" Type="const IList&amp;" TypeFullName="System.Collections.IList" DisplayName="param0" Desc="param0" />
      </Method>
      <Method Name="VectorAdd" DisplayName="VectorAdd" Desc="VectorAdd" Class="behaviac::Agent" ReturnType="void" ReturnTypeFullName="System.Void" Static="true" Public="true" istask="false">
        <Param Name="param0" Type="IList&amp;" TypeFullName="System.Collections.IList" DisplayName="param0" Desc="param0" />
        <Param Name="param1" Type="const System::Object&amp;" TypeFullName="System.Object" DisplayName="param1" Desc="param1" />
      </Method>
      <Method Name="VectorRemove" DisplayName="VectorRemove" Desc="VectorRemove" Class="behaviac::Agent" ReturnType="void" ReturnTypeFullName="System.Void" Static="true" Public="true" istask="false">
        <Param Name="param0" Type="IList&amp;" TypeFullName="System.Collections.IList" DisplayName="param0" Desc="param0" />
        <Param Name="param1" Type="const System::Object&amp;" TypeFullName="System.Object" DisplayName="param1" Desc="param1" />
      </Method>
      <Method Name="VectorContains" DisplayName="VectorContains" Desc="VectorContains" Class="behaviac::Agent" ReturnType="bool" ReturnTypeFullName="System.Boolean" Static="true" Public="true" istask="false">
        <Param Name="param0" Type="IList&amp;" TypeFullName="System.Collections.IList" DisplayName="param0" Desc="param0" />
        <Param Name="param1" Type="const System::Object&amp;" TypeFullName="System.Object" DisplayName="param1" Desc="param1" />
      </Method>
      <Method Name="VectorClear" DisplayName="VectorClear" Desc="VectorClear" Class="behaviac::Agent" ReturnType="void" ReturnTypeFullName="System.Void" Static="true" Public="true" istask="false">
        <Param Name="param0" Type="IList&amp;" TypeFullName="System.Collections.IList" DisplayName="param0" Desc="param0" />
      </Method>
      <Method Name="LogMessage" DisplayName="LogMessage" Desc="LogMessage" Class="behaviac::Agent" ReturnType="void" ReturnTypeFullName="System.Void" Static="true" Public="true" istask="false">
        <Param Name="param0" Type="const char*" TypeFullName="System.String" DisplayName="param0" Desc="param0" />
      </Method>
    </agent>
    <agent classfullname="CBTPlayer" base="behaviac::Agent" DisplayName="CBTPlayer" Desc="CBTPlayer" IsRefType="true" IsImplemented="true">
      <Member Name="m_Frames" DisplayName="m_Frames" Desc="m_Frames" Class="CBTPlayer" Type="int" TypeFullName="System.Int32" defaultvalue="" Static="false" Public="true" Readonly="false" />
      <Member Name="m_iBaseSpeed" DisplayName="m_iBaseSpeed" Desc="m_iBaseSpeed" Class="CBTPlayer" Type="uint" TypeFullName="System.UInt32" defaultvalue="" Static="false" Public="true" Readonly="false" />
      <Method Name="Action1" DisplayName="Action1" Desc="Action1" Class="CBTPlayer" ReturnType="behaviac::EBTStatus" ReturnTypeFullName="XMLPluginBehaviac.behaviac_EBTStatus" Static="false" Public="true" istask="false" />
      <Method Name="Action3" DisplayName="Action3" Desc="Action3" Class="CBTPlayer" ReturnType="behaviac::EBTStatus" ReturnTypeFullName="XMLPluginBehaviac.behaviac_EBTStatus" Static="false" Public="true" istask="false" />
      <Method Name="Condition" DisplayName="Condition" Desc="Condition" Class="CBTPlayer" ReturnType="bool" ReturnTypeFullName="System.Boolean" Static="false" Public="true" istask="false" />
      <Method Name="VectorLength" DisplayName="VectorLength" Desc="VectorLength" Class="behaviac::Agent" ReturnType="int" ReturnTypeFullName="System.Int32" Static="true" Public="true" istask="false">
        <Param Name="param0" Type="const IList&amp;" TypeFullName="System.Collections.IList" DisplayName="param0" Desc="param0" />
      </Method>
      <Method Name="VectorAdd" DisplayName="VectorAdd" Desc="VectorAdd" Class="behaviac::Agent" ReturnType="void" ReturnTypeFullName="System.Void" Static="true" Public="true" istask="false">
        <Param Name="param0" Type="IList&amp;" TypeFullName="System.Collections.IList" DisplayName="param0" Desc="param0" />
        <Param Name="param1" Type="const System::Object&amp;" TypeFullName="System.Object" DisplayName="param1" Desc="param1" />
      </Method>
      <Method Name="VectorRemove" DisplayName="VectorRemove" Desc="VectorRemove" Class="behaviac::Agent" ReturnType="void" ReturnTypeFullName="System.Void" Static="true" Public="true" istask="false">
        <Param Name="param0" Type="IList&amp;" TypeFullName="System.Collections.IList" DisplayName="param0" Desc="param0" />
        <Param Name="param1" Type="const System::Object&amp;" TypeFullName="System.Object" DisplayName="param1" Desc="param1" />
      </Method>
      <Method Name="VectorContains" DisplayName="VectorContains" Desc="VectorContains" Class="behaviac::Agent" ReturnType="bool" ReturnTypeFullName="System.Boolean" Static="true" Public="true" istask="false">
        <Param Name="param0" Type="IList&amp;" TypeFullName="System.Collections.IList" DisplayName="param0" Desc="param0" />
        <Param Name="param1" Type="const System::Object&amp;" TypeFullName="System.Object" DisplayName="param1" Desc="param1" />
      </Method>
      <Method Name="VectorClear" DisplayName="VectorClear" Desc="VectorClear" Class="behaviac::Agent" ReturnType="void" ReturnTypeFullName="System.Void" Static="true" Public="true" istask="false">
        <Param Name="param0" Type="IList&amp;" TypeFullName="System.Collections.IList" DisplayName="param0" Desc="param0" />
      </Method>
      <Method Name="LogMessage" DisplayName="LogMessage" Desc="LogMessage" Class="behaviac::Agent" ReturnType="void" ReturnTypeFullName="System.Void" Static="true" Public="true" istask="false">
        <Param Name="param0" Type="const char*" TypeFullName="System.String" DisplayName="param0" Desc="param0" />
      </Method>
    </agent>
  </agents>
  <instances>
    <instance name="CBTPlayer" class="CBTPlayer" DisplayName="CBTPlayer" Desc="CBTPlayer" />
  </instances>
</meta>