<?xml version="1.0" encoding="utf-8"?>
<!--EXPORTED BY TOOL, DON'T MODIFY IT!-->
<!--Source File: subtree_task.xml-->
<behavior name="subtree_task" agenttype="FirstAgent" version="5">
  <pars>
    <par name="_$local_task_param_$_0" type="int" value="0" />
  </pars>
  <node class="Task" id="0">
    <property Prototype="Self.FirstAgent::event_task(0)" />
    <property IsHTN="false" />
    <node class="Sequence" id="1">
      <node class="Condition" id="2">
        <property Operator="Equal" />
        <property Opl="int Self.FirstAgent::_$local_task_param_$_0" />
        <property Opr="const int 2" />
      </node>
      <node class="Action" id="3">
        <property Method="Self.FirstAgent::Say(&quot;Hello subtree!&quot;)" />
        <property ResultOption="BT_SUCCESS" />
      </node>
    </node>
  </node>
</behavior>