﻿<?xml version="1.0" encoding="utf-8"?>
<Behavior Version="5" NoError="true">
  <Node Class="Behaviac.Design.Nodes.Behavior" AgentType="FirstAgent" Domains="" Enable="true" HasOwnPrefabData="false" Id="-1" PrefabName="" PrefabNodeId="-1">
    <Comment Background="NoColor" Text="" />
    <DescriptorRefs value="0:" />
    <Connector Identifier="GenericChildren">
      <Node Class="PluginBehaviac.Nodes.Sequence" Enable="true" HasOwnPrefabData="false" Id="0" PrefabName="" PrefabNodeId="-1">
        <Comment Background="NoColor" Text="" />
        <Attachment Class="Behaviac.Design.Attachments.Event" Enable="true" Id="5" PrefabAttachmentId="-1" ReferenceFilename="subtree_task" TriggeredOnce="false" TriggerMode="Transfer" />
        <Connector Identifier="GenericChildren">
          <Node Class="PluginBehaviac.Nodes.Action" Enable="true" HasOwnPrefabData="false" Id="1" Method="Self.FirstAgent::Say(&quot;Wait subtree ...&quot;)" PrefabName="" PrefabNodeId="-1" ResultFunctor="&quot;&quot;" ResultOption="BT_RUNNING">
            <Comment Background="NoColor" Text="" />
          </Node>
          <Node Class="PluginBehaviac.Nodes.Assignment" CastRight="false" Enable="true" HasOwnPrefabData="false" Id="2" Opl="int Self.FirstAgent::p1" Opr="const int 1" PrefabName="" PrefabNodeId="-1">
            <Comment Background="NoColor" Text="" />
          </Node>
          <Node Class="PluginBehaviac.Nodes.Condition" Enable="true" HasOwnPrefabData="false" Id="3" Operator="Equal" Opl="int Self.FirstAgent::p1" Opr="const int 1" PrefabName="" PrefabNodeId="-1">
            <Comment Background="NoColor" Text="" />
          </Node>
          <Node Class="PluginBehaviac.Nodes.Action" Enable="true" HasOwnPrefabData="false" Id="4" Method="Self.FirstAgent::Say(&quot;Hello maintree!&quot;)" PrefabName="" PrefabNodeId="-1" ResultFunctor="&quot;&quot;" ResultOption="BT_SUCCESS">
            <Comment Background="NoColor" Text="" />
          </Node>
        </Connector>
      </Node>
    </Connector>
  </Node>
</Behavior>