﻿<?xml version="1.0" encoding="utf-8"?>
<Behavior Version="5" NoError="true">
  <Node Class="Behaviac.Design.Nodes.Behavior" AgentType="FirstAgent" Domains="" Enable="true" HasOwnPrefabData="false" Id="-1" PrefabName="" PrefabNodeId="-1">
    <Comment Background="NoColor" Text="" />
    <Parameters>
      <Parameter Name="_$local_task_param_$_0" Type="System.Int32" DefaultValue="0" DisplayName="param0" Desc="param0" Display="false" />
    </Parameters>
    <DescriptorRefs value="0:" />
    <Connector Identifier="GenericChildren">
      <Node Class="PluginBehaviac.Nodes.Task" Enable="true" HasOwnPrefabData="false" Id="0" PrefabName="" PrefabNodeId="-1" Prototype="Self.FirstAgent::event_task(0)">
        <Comment Background="NoColor" Text="" />
        <Connector Identifier="GenericChildren">
          <Node Class="PluginBehaviac.Nodes.Sequence" Enable="true" HasOwnPrefabData="false" Id="1" PrefabName="" PrefabNodeId="-1">
            <Comment Background="NoColor" Text="" />
            <Connector Identifier="GenericChildren">
              <Node Class="PluginBehaviac.Nodes.Condition" Enable="true" HasOwnPrefabData="false" Id="2" Operator="Equal" Opl="int Self.FirstAgent::_$local_task_param_$_0" Opr="const int 2" PrefabName="" PrefabNodeId="-1">
                <Comment Background="NoColor" Text="" />
              </Node>
              <Node Class="PluginBehaviac.Nodes.Action" Enable="true" HasOwnPrefabData="false" Id="3" Method="Self.FirstAgent::Say(&quot;Hello subtree!&quot;)" PrefabName="" PrefabNodeId="-1" ResultFunctor="&quot;&quot;" ResultOption="BT_SUCCESS">
                <Comment Background="NoColor" Text="" />
              </Node>
            </Connector>
          </Node>
        </Connector>
      </Node>
    </Connector>
  </Node>
</Behavior>